{"model": "voyage-3-large", "results": {"NDCG": {"NDCG@1": 0.64286, "NDCG@3": 0.7055, "NDCG@5": 0.71575, "NDCG@10": 0.73956}, "MAP": {"MAP@1": 0.64286, "MAP@3": 0.68651, "MAP@5": 0.69246, "MAP@10": 0.70266}, "Recall": {"Recall@1": 0.64286, "Recall@3": 0.7619, "Recall@5": 0.78571, "Recall@10": 0.85714}, "Precision": {"P@1": 0.64286, "P@3": 0.25397, "P@5": 0.15714, "P@10": 0.08571}}}