{"model": "jina-embeddings-v3", "results": {"NDCG": {"NDCG@1": 0.52381, "NDCG@3": 0.56576, "NDCG@5": 0.60469, "NDCG@10": 0.62722}, "MAP": {"MAP@1": 0.52381, "MAP@3": 0.55556, "MAP@5": 0.57698, "MAP@10": 0.58598}, "Recall": {"Recall@1": 0.52381, "Recall@3": 0.59524, "Recall@5": 0.69048, "Recall@10": 0.7619}, "Precision": {"P@1": 0.52381, "P@3": 0.19841, "P@5": 0.1381, "P@10": 0.07619}}}