{"model": "text-embedding-3-large", "results": {"NDCG": {"NDCG@1": 0.59524, "NDCG@3": 0.661, "NDCG@5": 0.67125, "NDCG@10": 0.68821}, "MAP": {"MAP@1": 0.59524, "MAP@3": 0.64286, "MAP@5": 0.64881, "MAP@10": 0.65675}, "Recall": {"Recall@1": 0.59524, "Recall@3": 0.71429, "Recall@5": 0.7381, "Recall@10": 0.78571}, "Precision": {"P@1": 0.59524, "P@3": 0.2381, "P@5": 0.14762, "P@10": 0.07857}}}